Order Number,Fake Name,Order Date
ORD0001,Ethan Brown,2023-03-27
ORD0002,Mia Wong,2023-01-15
ORD0003,Chris Lee,2023-04-05
ORD0004,Chris Lee,2023-04-13
ORD0005,Ethan Brown,2023-03-11
ORD0006,Olivia Liu,2023-01-14
ORD0007,Alice Johnson,2023-03-13
ORD0008,Jane Smith,2023-01-19
ORD0009,John Doe,2023-04-03
ORD0010,Emma Davis,2023-01-07
ORD0011,Lily Taylor,2023-03-15
ORD0012,Ella Garcia,2023-03-10
ORD0013,Jacob Reed,2023-03-18
ORD0014,Charlotte Nelson,2023-03-05
ORD0015,Alexander Turner,2023-01-05
ORD0016,William Anderson,2023-01-06
ORD0017,Sophia Martinez,2023-03-28
ORD0018,Daniel Carter,2023-03-21
ORD0019,Ava Hernandez,2023-02-09
ORD0020,Michael Gonzalez,2023-04-08
ORD0021,Mia Perez,2023-02-28
ORD0022,Benjamin Baker,2023-04-12
ORD0023,James Rodriguez,2023-01-23
ORD0024,Amelia Evans,2023-04-08
ORD0025,Emily Hall,2023-03-20
ORD0026,Sophia Williams,2023-04-22
ORD0027,Noah Johnson,2023-04-21
ORD0028,Ava Miller,2023-04-23
ORD0029,Liam Hernandez,2023-04-19
ORD0030,Olivia Taylor,2023-04-20